{"cameraMode":{"drawMode":0,"name":"Shaded","section":"Shading Mode"},"sceneLighting":true,"audioPlay":false,"sceneViewState":{"showFog":true,"showMaterialUpdate":false,"showSkybox":true,"showFlares":true,"showImageEffects":true,"showParticleSystems":true},"in2DMode":false,"pivot":{"x":-15.557840347290039,"y":-2.771827459335327,"z":-3.024834156036377},"rotation":{"x":0.0693354383111,"y":-0.7697999477386475,"z":0.08488412201404572,"w":0.6288046836853027},"size":17.58440399169922,"orthographic":false}