{"cameraMode":{"drawMode":0,"name":"Shaded","section":"Shading Mode"},"sceneLighting":true,"audioPlay":false,"sceneViewState":{"showFog":true,"showMaterialUpdate":false,"showSkybox":true,"showFlares":true,"showImageEffects":true,"showParticleSystems":true},"in2DMode":false,"pivot":{"x":1.6529678106307984,"y":-1.7079002857208253,"z":-0.011541754007339478},"rotation":{"x":-0.1954718381166458,"y":-0.6403975486755371,"z":0.17332088947296143,"w":-0.7222476601600647},"size":3.9000167846679689,"orthographic":false}